"Отметка времени","Сколько времени вы занимаетесь дебатами?","Как часто вы тренируетесь самостоятельно вне клуба?","С какими трудностями вы сталкиваетесь при самостоятельной подготовке?","Хватает ли вашему тренеру времени на разбор речей у всех на занятиях?","Вы играли бы дебаты больше со своими друзьями если бы фидбек не требовал присутствия тренера?","Используете ли вы ИИ в дебатах?","Как вы относитесь к предварительной оценке речей с помощью ИИ?","Насколько вам понятна шкала 0.0 – 9.0 как в IELTS при получений фидбэка на дебатах? (Критерии: Структура, Доказательства, Опровержение, Ясность, Глубина мысли)","Ваш контакт (Telegram / имя) — по желанию"
"2026/10/03 7:45:10 PM GMT+5","Меньше 6 месяцев","1-2 раза в неделю","Сложно самому анализировать собственные выступления","5","Скорее да","Генерация идей и аргументов по теме","Нейтрально (готов попробовать)","В целом понятно",""
"2026/10/03 7:56:45 PM GMT+5","Меньше 6 месяцев","1 раз в 2-3 недели","Сложно самому анализировать собственные выступления","4","Скорее нет","Генерация идей и аргументов по теме","Положительно (удобно получить разбор в любое время)","В целом понятно","Amina Safarova "
"2026/10/03 8:09:57 PM GMT+5","Меньше 6 месяцев","Почти никогда (только на занятиях клуба)","Не сталкивался","4","Да, обязательно","Генерация идей и аргументов по теме","Нейтрально (готов попробовать)","В целом понятно","@SA_nis0 Сулейман"
"2026/10/03 10:10:03 PM GMT+5","1-2 года","Почти никогда (только на занятиях клуба)","Не сталкивался","","","Нет, не использую ИИ","Нейтрально (готов попробовать)","В целом понятно",""
"2026/10/03 10:18:53 PM GMT+5","1-2 года","Почти никогда (только на занятиях клуба)","Не хватает индивидуального фидбека от тренера;Трудно найти спарринг-партнёра для тренировок;Непонятно, как объективно отслеживать свой прогресс","3","Скорее да","Генерация идей и аргументов по теме;Поиск фактов, примеров и статистики (Evidence)","Нейтрально (готов попробовать)","В целом понятно",""
"2026/10/03 10:41:14 PM GMT+5","1-2 года","1 раз в 2-3 недели","Не сталкивался","5","Скорее нет","Поиск фактов, примеров и статистики (Evidence)","Положительно (удобно получить разбор в любое время)","В целом понятно","@Qor1xx / Абзал"
"2026/10/03 10:45:43 PM GMT+5","Меньше 6 месяцев","1 раз в 2-3 недели","Трудно найти спарринг-партнёра для тренировок","3","Скорее да","Подготовка кейсбуков / записей перед турнирами;Поиск фактов, примеров и статистики (Evidence)","Нейтрально (готов попробовать)","В целом понятно",""
"2026/10/03 10:50:42 PM GMT+5","1-2 года","1 раз в 2-3 недели","Трудно найти спарринг-партнёра для тренировок;Сложно самому анализировать собственные выступления;Непонятно, как объективно отслеживать свой прогресс","3","Затрудняюсь ответить","Генерация идей и аргументов по теме","Положительно (удобно получить разбор в любое время)","В целом понятно",""
"2026/10/03 11:14:47 PM GMT+5","Меньше 6 месяцев","1-2 раза в неделю","Трудно найти спарринг-партнёра для тренировок;Непонятно, как объективно отслеживать свой прогресс;Другое","4","Скорее да","Генерация идей и аргументов по теме","Нейтрально (готов попробовать)","Непонятно","@rainingstreet"
"2026/10/03 11:28:15 PM GMT+5","Меньше 6 месяцев","Почти никогда (только на занятиях клуба)","Сложно самому анализировать собственные выступления","5","Скорее да","Генерация идей и аргументов по теме;Поиск фактов, примеров и статистики (Evidence)","Положительно (удобно получить разбор в любое время)","В целом понятно",""
"2026/10/04 9:00:53 AM GMT+5","Меньше 6 месяцев","Почти никогда (только на занятиях клуба)","","","Скорее да","Генерация идей и аргументов по теме","Нейтрально (готов попробовать)","В целом понятно",""
"2026/10/04 9:55:22 AM GMT+5","От 6 месяцев до 1 года","1 раз в 2-3 недели","Сложно самому анализировать собственные выступления;Непонятно, как объективно отслеживать свой прогресс","4","Да, обязательно","Нет, не использую ИИ","Нейтрально (готов попробовать)","В целом понятно","Адия"
"2026/10/04 11:27:46 AM GMT+5","Меньше 6 месяцев","1-2 раза в неделю","Трудно найти спарринг-партнёра для тренировок;Сложно самому анализировать собственные выступления","5","Да, обязательно","Поиск фактов, примеров и статистики (Evidence)","Скептически (сомневаюсь в точности ИИ)","В целом понятно","Айлин  у меня нет Telegram"
"2026/10/04 2:27:37 PM GMT+5","Меньше 6 месяцев","1 раз в 2-3 недели","Трудно найти спарринг-партнёра для тренировок;Непонятно, как объективно отслеживать свой прогресс","4","Скорее да","Нет, не использую ИИ","Отрицательно (оценивать должен только человек)","Непонятно","@Ionasmargoldass"
"2026/10/04 2:29:22 PM GMT+5","1-2 года","1-2 раза в неделю","Трудно найти спарринг-партнёра для тренировок","4","Скорее да","Нет, не использую ИИ","Нейтрально (готов попробовать)","В целом понятно",""
"2026/10/04 2:30:22 PM GMT+5","От 6 месяцев до 1 года","1 раз в 2-3 недели","Сложно самому анализировать собственные выступления;Непонятно, как объективно отслеживать свой прогресс","4","Скорее да","Генерация идей и аргументов по теме","Нейтрально (готов попробовать)","В целом понятно",""
"2026/10/04 2:39:03 PM GMT+5","Меньше 6 месяцев","Почти никогда (только на занятиях клуба)","Не сталкивался","1","Нет","Нет, не использую ИИ","Скептически (сомневаюсь в точности ИИ)","В целом понятно","Арслан"
"2026/10/04 3:40:09 PM GMT+5","От 6 месяцев до 1 года","Почти никогда (только на занятиях клуба)","Не хватает индивидуального фидбека от тренера","5","Да, обязательно","Генерация идей и аргументов по теме","Скептически (сомневаюсь в точности ИИ)","В целом понятно","Жанель"
"2026/10/04 7:31:16 PM GMT+5","Меньше 6 месяцев","1 раз в 2-3 недели","Трудно найти спарринг-партнёра для тренировок;Непонятно, как объективно отслеживать свой прогресс","3","Скорее да","Генерация идей и аргументов по теме","Нейтрально (готов попробовать)","В целом понятно",""
